<?xml version="1.0" encoding="UTF-8"?>
<manifest>

  <default sync-j="4" revision="thud-chrom75-r4" remote="beijer"/>

  <!--//////////////////////////////////////////////////////////////////////////////////
    List of servers
  //////////////////////////////////////////////////////////////////////////////////-->

  <remote fetch="ssh://tfs.beijerelectronics.com:22/HmiDev/Git/_git" name="beijer"/>
  <remote fetch="https://git.yoctoproject.org/git" name="yocto"/>
  <remote fetch="https://github.com/openembedded" name="oe"/>
  <remote fetch="https://github.com/OSSystems" name="oss"/>
  <remote fetch="https://github.com" name="github"/>

  <!--//////////////////////////////////////////////////////////////////////////////////
    Completely internal gits, beijer from scratch
  //////////////////////////////////////////////////////////////////////////////////-->

  <project revision="thud-chrom75-r4" name="project" path="project"/>
  <project revision="master" name="doc" path="doc"/>

  <project revision="abb-gui-fx" name="abbfm" path="code/abbfm"/>
  <project revision="master" name="webpanel" path="code/webpanel"/>

  <project revision="thud-chrom75-r4" name="meta-beijer" path="sources/meta-beijer"/>

  <project revision="yocto_upgrade_june_2019" name="infrastructure" path="docker_build_system"/>

  <!--//////////////////////////////////////////////////////////////////////////////////
    Forked projects - Merge from upstream to bring in updates.
  //////////////////////////////////////////////////////////////////////////////////-->

  <project revision="thud-chrom75-r4" name="u-boot-imx6" path="code/u-boot-imx6"/>
  <!-- original url: https://github.com/boundarydevices/u-boot-imx6.git -->

  <!--//////////////////////////////////////////////////////////////////////////////////
    External repositories - Move the revision forward to bring in updates.
  //////////////////////////////////////////////////////////////////////////////////-->

  <!-- Yocto/Poky -->
  <project remote="yocto"  revision="17dfe628d175c2af3d3adabd7e1f1f6f1eefec13" name="poky" path="sources/poky"/> <!-- tested! -->

  <!-- BSP related repositories -->
  <!--<project remote="yocto"  revision="e2254e7b2ded0c2b66b1226f879b3a6d52037b2d" name="meta-fsl-arm" path="sources/meta-fsl-arm"/>-->
           <!-- test this: 3ca076a4180ff05b2bd6278a573dec9c0a5ad8cc / master -->
  <!--<project remote="oss"    revision="warrior" name="meta-freescale-distro" path="sources/meta-freescale-distro"/>-->
  <!--<project remote="oss"    revision="master" name="meta-freescale-3rdparty" path="sources/meta-freescale-3rdparty"/>-->
  <!--<project remote="oss"    revision="master" name="meta-freescale" path="sources/meta-freescale"/>-->

  <!-- Chromium and its metadata dependencies -->
  <project remote="github" revision="9487b089ea4779c2b494b17b9254219226efa539" name="meta-rust/meta-rust" path="sources/meta-rust"/> <!-- tested! -->
  <project remote="oe"     revision="dd5622ef2b4065dc80ee549c57a2ec5010d0b4d1" name="meta-openembedded" path="sources/meta-openembedded"/> <!-- tested! -->
  <project remote="oss"    revision="7061c141b3c4430448fc5dd06ada469972545a0c" name="meta-browser" path="sources/meta-browser"/> <!-- tested! -->

  <!-- Metadata -->
  <project remote="github" revision="master" name="madisongh/meta-golang" path="sources/meta-golang"/>
           <!-- test this: 9a105869542cdbbac3825f3cb613a101a2afa28a / original/previous -->
  <project remote="github" revision="b6f8b0689ef11403957a28b0de716cd2ff805346" name="kraj/meta-clang" path="sources/meta-clang"/>
           <!-- test this: b6f8b0689ef11403957a28b0de716cd2ff805346 / layer.conf: Add warrior to compatible release series (patch) -->
           <!-- test this: 35988b2570ca896e5243ba70a7eb3a6639570396 / original/previous -->
</manifest>
